{
 "actions": [],
 "allow_rename": 1,
 "creation": "2024-11-22 16:02:56.340617",
 "doctype": "DocType",
 "editable_grid": 1,
 "engine": "InnoDB",
 "field_order": [
  "link"
 ],
 "fields": [
  {
   "fieldname": "link",
   "fieldtype": "Link",
   "label": "Products",
   "options": "CRM Products"
  }
 ],
 "index_web_pages_for_search": 1,
 "istable": 1,
 "links": [],
 "modified": "2024-11-22 16:48:36.457238",
 "modified_by": "Administrator",
 "module": "FCRM",
 "name": "CRM Products List",
 "owner": "Administrator",
 "permissions": [],
 "sort_field": "creation",
 "sort_order": "DESC",
 "states": []
}